mz,cluster,fold_change,p_value,p_adjusted,significant
404.11113251199816,0,1.5239,1.0,0.0,True
426.92781535359995,0,0.0655,1.0,0.0,True
431.0345099462449,0,0.2775,1.0,0.0,True
432.72813985723457,0,0.0669,1.0,0.0,True
438.6821886861965,0,0.3248,1.0,0.0,True
444.0892518422045,0,0.7423,1.0,0.0,True
454.73288180250995,0,0.1317,1.0,0.0,True
467.1014525445848,0,0.1274,1.0,0.0,True
468.1003519862767,0,0.1682,1.0,0.0,True
470.86921302312896,0,0.6859,1.0,0.0,True
476.809403664099,0,4.4028,0.0,0.0,True
494.97073614090664,0,0.5359,1.0,0.0,True
496.72053684989066,0,0.1708,1.0,0.0,True
518.8395487898592,0,0.0626,1.0,0.0,True
522.9512218464823,0,0.035,1.0,0.0,True
523.9556260802802,0,0.1074,1.0,0.0,True
533.1409042523692,0,4.1955,0.026278159,0.0,True
533.4130639543625,0,5.2013,0.0,0.0,True
541.1189524230358,0,0.118,1.0,0.0,True
541.7876911980454,0,0.4017,1.0,0.0,True
559.0147875863202,0,0.1859,1.0,0.0,True
560.0147551319774,0,0.3811,1.0,0.0,True
580.1078557464725,0,0.5083,1.0,0.0,True
610.6194610344274,0,0.1106,1.0,0.0,True
632.7353882851897,0,0.0484,1.0,0.0,True
633.0361322510867,0,0.1491,1.0,0.0,True
634.0361413582776,0,0.0883,1.0,0.0,True
635.0294536125151,0,0.1617,1.0,0.0,True
658.845290930692,0,0.1004,1.0,0.0,True
658.9666934717421,0,0.1249,1.0,0.0,True
676.7454077383637,0,0.5186,1.0,0.0,True
676.9715932394122,0,0.1859,1.0,0.0,True
686.6087240359386,0,4.3485,0.0,0.0,True
707.0289325144547,0,0.237,1.0,1.0,False
707.0360347998072,0,0.1053,1.0,1.0,False
707.0431371921768,0,0.0664,1.0,1.0,False
707.0502396915656,0,0.0562,1.0,1.0,False
707.0573422979759,0,0.0617,1.0,1.0,False
707.0644450114096,0,0.066,1.0,1.0,False
707.071547831869,0,0.0966,1.0,1.0,False
707.0786507593563,0,0.4107,1.0,1.0,False
708.0385293879556,0,1.0458,1.0,1.0,False
708.0456468912846,0,0.6567,1.0,1.0,False
708.0527645019365,0,0.4508,1.0,1.0,False
708.0598822199136,0,0.2632,1.0,1.0,False
708.0670000452178,0,0.2106,1.0,1.0,False
708.0741179778515,0,0.4267,1.0,1.0,False
712.6373313488076,0,0.1195,1.0,1.0,False
712.6445183085536,0,0.0614,1.0,1.0,False
712.6517053770214,0,0.0364,1.0,1.0,False
712.6588925542129,0,0.0247,1.0,1.0,False
712.6660798401304,0,0.0401,1.0,1.0,False
712.6732672347761,0,0.1024,1.0,1.0,False
712.6804547381522,0,0.4836,1.0,1.0,False
716.0851324854874,0,0.149,1.0,1.0,False
716.0923716651783,0,0.0468,1.0,1.0,False
716.0996109546454,0,0.139,1.0,1.0,False
716.106850353891,0,0.2547,1.0,1.0,False
716.1140898629171,0,0.2925,1.0,1.0,False
716.1213294817261,0,0.3002,1.0,1.0,False
716.1285692103202,0,0.2998,1.0,1.0,False
716.1358090487015,0,0.2908,1.0,1.0,False
716.1430489968724,0,0.2465,1.0,1.0,False
716.150289054835,0,0.1275,1.0,1.0,False
716.1575292225915,0,0.0565,1.0,1.0,False
716.1647695001442,0,0.0576,1.0,1.0,False
716.1720098874953,0,0.4493,1.0,1.0,False
721.0405482511893,0,1.357,1.0,1.0,False
721.0478627053386,0,0.2577,1.0,1.0,False
721.0551772707888,0,0.0664,1.0,1.0,False
721.062491947542,0,0.0311,1.0,1.0,False
721.0698067356004,0,0.0223,1.0,1.0,False
721.0771216349664,0,0.0206,1.0,1.0,False
721.0844366456423,0,0.0209,1.0,1.0,False
721.0917517676302,0,0.024,1.0,1.0,False
721.0990670009325,0,0.0346,1.0,1.0,False
721.1063823455513,0,0.0636,1.0,1.0,False
721.1136978014891,0,0.2067,1.0,1.0,False
721.121013368748,0,1.1866,1.0,1.0,False
747.1693768647791,0,0.4821,1.0,1.0,False
747.1770924891719,0,0.3597,1.0,1.0,False
768.7269982412499,0,0.6781,1.0,1.0,False
768.7350501854364,0,0.2246,1.0,1.0,False
768.7431022561326,0,0.1169,1.0,1.0,False
768.751154453341,0,0.0949,1.0,1.0,False
768.7592067770642,0,0.1067,1.0,1.0,False
768.767259227305,0,0.1562,1.0,1.0,False
768.775311804066,0,0.3417,1.0,1.0,False
768.7833645073498,0,1.6239,1.0,1.0,False
780.1248315630601,0,0.3809,1.0,1.0,False
780.1330632480972,0,0.2254,1.0,1.0,False
780.1412950634232,0,0.1643,1.0,1.0,False
780.1495270090408,0,0.2564,1.0,1.0,False
780.1577590849528,0,0.3399,1.0,1.0,False
780.1659912911621,0,0.4933,1.0,1.0,False
784.1574289327525,0,4.4455,0.99999255,1.0,False
784.1657245269123,0,4.0686,0.9999999,1.0,False
784.1740202527114,0,3.6041,1.0,1.0,False
784.1823161101529,0,3.0172,1.0,1.0,False
784.1906120992392,0,2.4452,1.0,1.0,False
784.1989082199732,0,1.9481,1.0,1.0,False
784.2072044723578,0,1.5067,1.0,1.0,False
784.2155008563957,0,1.1266,1.0,1.0,False
784.2237973720897,0,0.7854,1.0,1.0,False
784.2320940194426,0,0.7009,1.0,1.0,False
784.240390798457,0,0.71,1.0,1.0,False
784.2486877091361,0,0.7824,1.0,1.0,False
784.2569847514823,0,0.7343,1.0,1.0,False
784.2652819254985,0,0.7352,1.0,1.0,False
784.2735792311876,0,0.6581,1.0,1.0,False
790.8446160477569,0,0.3881,1.0,1.0,False
790.8530179837829,0,0.124,1.0,1.0,False
790.8614200537032,0,0.0484,1.0,1.0,False
790.8698222575206,0,0.0225,1.0,1.0,False
790.8782245952377,0,0.0351,1.0,1.0,False
790.8866270668576,0,0.1796,1.0,1.0,False
790.895029672383,0,0.9435,1.0,1.0,False
790.9034324118169,0,3.5114,1.0,1.0,False
790.9118352851619,0,5.1216,1.0,1.0,False
812.9578263367223,0,0.9143,1.0,1.0,False
812.9665831224094,0,0.25,1.0,1.0,False
812.9753400495831,0,0.1126,1.0,1.0,False
812.9840971182466,0,0.0741,1.0,1.0,False
812.9928543284028,0,0.0627,1.0,1.0,False
813.0016116800549,0,0.0642,1.0,1.0,False
813.0103691732058,0,0.0834,1.0,1.0,False
813.0191268078587,0,0.1825,1.0,1.0,False
813.0278845840165,0,0.6026,1.0,1.0,False
813.0366425016823,0,2.0031,1.0,1.0,False
852.0928451514911,0,0.1697,1.0,1.0,False
852.1022418045337,0,0.0715,1.0,1.0,False
852.1116386130129,0,0.0734,1.0,1.0,False
852.1210355769324,0,0.0831,1.0,1.0,False
852.1304326962953,0,0.0842,1.0,1.0,False
852.1398299711052,0,0.0837,1.0,1.0,False
852.1492274013656,0,0.0822,1.0,1.0,False
852.1586249870797,0,0.0771,1.0,1.0,False
852.1680227282512,0,0.0619,1.0,1.0,False
852.1774206248833,0,0.0597,1.0,1.0,False
852.1868186769797,0,0.1173,1.0,1.0,False
852.1962168845434,0,1.1922,1.0,1.0,False
988.0915671214094,0,1.5413,1.0,1.0,False
988.1033009289303,0,0.1876,1.0,1.0,False
988.1150349454649,0,0.047,1.0,1.0,False
988.1267691710184,0,0.0272,1.0,1.0,False
988.1385036055954,0,0.022,1.0,1.0,False
988.150238249201,0,0.0208,1.0,1.0,False
988.1619731018404,0,0.0203,1.0,1.0,False
988.1737081635182,0,0.0198,1.0,1.0,False
988.1854434342396,0,0.0231,1.0,1.0,False
988.1971789140094,0,0.0418,1.0,1.0,False
988.2089146028328,0,0.1617,1.0,1.0,False
988.2206505007146,0,1.2832,1.0,1.0,False
404.11113251199816,1,0.1401,1.0,0.0,True
426.92781535359995,1,10.0595,0.0,0.0,True
431.0345099462449,1,1.0957,7.2959964e-11,0.0,True
432.72813985723457,1,29.066,0.0,0.0,True
438.6821886861965,1,31.8554,0.0,0.0,True
444.0892518422045,1,0.2931,1.0,0.0,True
454.73288180250995,1,62.6223,0.0,0.0,True
467.1014525445848,1,5.5694,0.0,0.0,True
468.1003519862767,1,4.2854,0.0,0.0,True
470.86921302312896,1,11.0462,0.0,0.0,True
476.809403664099,1,0.4453,1.0,0.0,True
494.97073614090664,1,12.3859,0.0,0.0,True
496.72053684989066,1,13.6044,0.0,0.0,True
518.8395487898592,1,10.9385,0.0,0.0,True
522.9512218464823,1,6.0744,0.0,0.0,True
523.9556260802802,1,5.8174,0.0,0.0,True
533.1409042523692,1,0.4659,0.011141385,0.0,True
533.4130639543625,1,0.3906,1.0,0.0,True
541.1189524230358,1,5.2972,0.0,0.0,True
541.7876911980454,1,13.1424,0.0,0.0,True
559.0147875863202,1,26.1678,0.0,0.0,True
560.0147551319774,1,7.3989,0.0,0.0,True
580.1078557464725,1,0.346,1.0,0.0,True
610.6194610344274,1,22.5609,0.0,0.0,True
632.7353882851897,1,15.8027,0.0,0.0,True
633.0361322510867,1,26.8053,0.0,0.0,True
634.0361413582776,1,39.3466,0.0,0.0,True
635.0294536125151,1,39.6314,0.0,0.0,True
658.845290930692,1,11.2275,0.0,0.0,True
658.9666934717421,1,4.7172,0.0,0.0,True
676.7454077383637,1,10.2361,0.0,0.0,True
676.9715932394122,1,3.28,0.0,0.0,True
686.6087240359386,1,0.4617,1.0,0.0,True
707.0289325144547,1,15.8212,0.0,0.0,True
707.0360347998072,1,40.9675,0.0,0.0,True
707.0431371921768,1,60.3459,0.0,0.0,True
707.0502396915656,1,70.1193,0.0,0.0,True
707.0573422979759,1,68.5838,0.0,0.0,True
707.0644450114096,1,62.8613,0.0,0.0,True
707.071547831869,1,44.5938,0.0,0.0,True
707.0786507593563,1,13.5447,0.0,0.0,True
708.0385293879556,1,9.1259,0.0,0.0,True
708.0456468912846,1,14.7489,0.0,0.0,True
708.0527645019365,1,20.246,0.0,0.0,True
708.0598822199136,1,26.4735,0.0,0.0,True
708.0670000452178,1,26.0001,0.0,0.0,True
708.0741179778515,1,13.0409,0.0,0.0,True
712.6373313488076,1,57.6129,0.0,0.0,True
712.6445183085536,1,84.9764,0.0,0.0,True
712.6517053770214,1,98.6375,0.0,0.0,True
712.6588925542129,1,92.9162,0.0,0.0,True
712.6660798401304,1,69.7775,0.0,0.0,True
712.6732672347761,1,38.9055,0.0,0.0,True
712.6804547381522,1,11.2211,0.0,0.0,True
716.0851324854874,1,0.5182,1.0,0.0,True
716.0923716651783,1,0.4288,1.0,0.0,True
716.0996109546454,1,0.4225,1.0,0.0,True
716.106850353891,1,0.4158,1.0,0.0,True
716.1140898629171,1,0.4134,1.0,0.0,True
716.1213294817261,1,0.4129,1.0,0.0,True
716.1285692103202,1,0.413,1.0,0.0,True
716.1358090487015,1,0.4137,1.0,0.0,True
716.1430489968724,1,0.4164,1.0,0.0,True
716.150289054835,1,0.4231,1.0,0.0,True
716.1575292225915,1,0.4183,1.0,0.0,True
716.1647695001442,1,0.4314,1.0,0.0,True
716.1720098874953,1,0.5022,1.0,0.0,True
721.0405482511893,1,1.0648,0.4310448,0.0,True
721.0478627053386,1,1.3496,0.0,0.0,True
721.0551772707888,1,1.4278,0.0,0.0,True
721.062491947542,1,1.4361,0.0,0.0,True
721.0698067356004,1,1.4428,0.0,0.0,True
721.0771216349664,1,1.444,0.0,0.0,True
721.0844366456423,1,1.4438,0.0,0.0,True
721.0917517676302,1,1.4452,0.0,0.0,True
721.0990670009325,1,1.466,0.0,0.0,True
721.1063823455513,1,1.5012,0.0,0.0,True
721.1136978014891,1,1.5198,0.0,0.0,True
721.121013368748,1,1.1146,6.341257e-14,0.0,True
747.1693768647791,1,0.7228,1.0,0.0,True
747.1770924891719,1,0.6676,1.0,0.0,True
768.7269982412499,1,9.4775,0.0,0.0,True
768.7350501854364,1,14.4107,0.0,0.0,True
768.7431022561326,1,16.7124,0.0,0.0,True
768.751154453341,1,17.4407,0.0,0.0,True
768.7592067770642,1,17.2707,0.0,0.0,True
768.767259227305,1,15.9089,0.0,0.0,True
768.775311804066,1,12.3706,0.0,0.0,True
768.7833645073498,1,5.1267,0.0,0.0,True
780.1248315630601,1,11.6089,0.0,0.0,True
780.1330632480972,1,13.9056,0.0,0.0,True
780.1412950634232,1,15.7519,0.0,0.0,True
780.1495270090408,1,15.5825,0.0,0.0,True
780.1577590849528,1,14.5701,0.0,0.0,True
780.1659912911621,1,11.4281,0.0,0.0,True
784.1574289327525,1,1.0387,0.0,0.0,True
784.1657245269123,1,1.1957,0.0,0.0,True
784.1740202527114,1,1.4266,0.0,0.0,True
784.1823161101529,1,1.7872,0.0,0.0,True
784.1906120992392,1,2.2933,0.0,0.0,True
784.1989082199732,1,2.9983,0.0,0.0,True
784.2072044723578,1,3.9484,0.0,0.0,True
784.2155008563957,1,5.248,0.0,0.0,True
784.2237973720897,1,6.7886,0.0,0.0,True
784.2320940194426,1,7.8116,0.0,0.0,True
784.240390798457,1,8.1905,0.0,0.0,True
784.2486877091361,1,8.1601,0.0,0.0,True
784.2569847514823,1,8.8959,0.0,0.0,True
784.2652819254985,1,9.2983,0.0,0.0,True
784.2735792311876,1,10.1249,0.0,0.0,True
790.8446160477569,1,7.4288,0.0,0.0,True
790.8530179837829,1,10.1217,0.0,0.0,True
790.8614200537032,1,11.332,0.0,0.0,True
790.8698222575206,1,11.8367,0.0,0.0,True
790.8782245952377,1,11.588,0.0,0.0,True
790.8866270668576,1,9.7049,0.0,0.0,True
790.895029672383,1,4.6434,0.0,0.0,True
790.9034324118169,1,0.9013,0.0,0.0,True
790.9118352851619,1,0.1584,0.0,0.0,True
812.9578263367223,1,1.8978,0.0,0.0,True
812.9665831224094,1,3.15,0.0,0.0,True
812.9753400495831,1,3.5044,0.0,0.0,True
812.9840971182466,1,3.5686,0.0,0.0,True
812.9928543284028,1,3.5765,0.0,0.0,True
813.0016116800549,1,3.5601,0.0,0.0,True
813.0103691732058,1,3.5172,0.0,0.0,True
813.0191268078587,1,3.3081,0.0,0.0,True
813.0278845840165,1,2.5686,0.0,0.0,True
813.0366425016823,1,1.1132,0.0,0.0,True
852.0928451514911,1,0.4614,1.0,1.0,False
852.1022418045337,1,0.4767,1.0,1.0,False
852.1116386130129,1,0.4871,1.0,1.0,False
852.1210355769324,1,0.4844,1.0,1.0,False
852.1304326962953,1,0.484,1.0,1.0,False
852.1398299711052,1,0.4847,1.0,1.0,False
852.1492274013656,1,0.4866,1.0,1.0,False
852.1586249870797,1,0.4915,1.0,1.0,False
852.1680227282512,1,0.5045,1.0,1.0,False
852.1774206248833,1,0.5087,1.0,1.0,False
852.1868186769797,1,0.4806,1.0,1.0,False
852.1962168845434,1,0.3465,1.0,1.0,False
988.0915671214094,1,0.5351,1.0,1.0,False
988.1033009289303,1,0.6013,1.0,1.0,False
988.1150349454649,1,0.5923,1.0,1.0,False
988.1267691710184,1,0.577,1.0,1.0,False
988.1385036055954,1,0.5717,1.0,1.0,False
988.150238249201,1,0.5707,1.0,1.0,False
988.1619731018404,1,0.5711,1.0,1.0,False
988.1737081635182,1,0.573,1.0,1.0,False
988.1854434342396,1,0.581,1.0,1.0,False
988.1971789140094,1,0.5885,1.0,1.0,False
988.2089146028328,1,0.5743,1.0,1.0,False
988.2206505007146,1,0.489,1.0,1.0,False
404.11113251199816,2,1.908,0.0,0.0,True
426.92781535359995,2,0.1781,1.0,0.0,True
431.0345099462449,2,1.4024,0.0,0.0,True
432.72813985723457,2,0.0582,1.0,0.0,True
438.6821886861965,2,0.0299,1.0,0.0,True
444.0892518422045,2,2.54,0.0,0.0,True
454.73288180250995,2,0.0187,1.0,0.0,True
467.1014525445848,2,0.3128,1.0,0.0,True
468.1003519862767,2,0.3986,1.0,0.0,True
470.86921302312896,2,0.0934,1.0,0.0,True
476.809403664099,2,0.5288,1.0,0.0,True
494.97073614090664,2,0.0923,1.0,0.0,True
496.72053684989066,2,0.1181,1.0,0.0,True
518.8395487898592,2,0.1638,1.0,0.0,True
522.9512218464823,2,0.3035,1.0,0.0,True
523.9556260802802,2,0.3029,1.0,0.0,True
533.1409042523692,2,0.5433,0.9996011,0.0,True
533.4130639543625,2,0.473,1.0,0.0,True
541.1189524230358,2,0.3311,1.0,0.0,True
541.7876911980454,2,0.0979,1.0,0.0,True
559.0147875863202,2,0.0539,1.0,0.0,True
560.0147551319774,2,0.1967,1.0,0.0,True
580.1078557464725,2,2.8486,0.0,0.0,True
610.6194610344274,2,0.0721,1.0,0.0,True
632.7353882851897,2,0.1136,1.0,0.0,True
633.0361322510867,2,0.0557,1.0,0.0,True
634.0361413582776,2,0.0397,1.0,0.0,True
635.0294536125151,2,0.0329,1.0,0.0,True
658.845290930692,2,0.1545,1.0,0.0,True
658.9666934717421,2,0.3709,1.0,0.0,True
676.7454077383637,2,0.1207,1.0,0.0,True
676.9715932394122,2,0.5165,1.0,0.0,True
686.6087240359386,2,0.5272,1.0,0.0,True
707.0289325144547,2,0.0928,1.0,0.0,True
707.0360347998072,2,0.0363,1.0,0.0,True
707.0431371921768,2,0.0254,1.0,0.0,True
707.0502396915656,2,0.022,1.0,0.0,True
707.0573422979759,2,0.0221,1.0,0.0,True
707.0644450114096,2,0.0242,1.0,0.0,True
707.071547831869,2,0.0335,1.0,0.0,True
707.0786507593563,2,0.0933,1.0,0.0,True
708.0385293879556,2,0.0893,1.0,0.0,True
708.0456468912846,2,0.0615,1.0,0.0,True
708.0527645019365,2,0.0496,1.0,0.0,True
708.0598822199136,2,0.0461,1.0,0.0,True
708.0670000452178,2,0.0521,1.0,0.0,True
708.0741179778515,2,0.0964,1.0,0.0,True
712.6373313488076,2,0.0223,1.0,0.0,True
712.6445183085536,2,0.0169,1.0,0.0,True
712.6517053770214,2,0.016,1.0,0.0,True
712.6588925542129,2,0.0182,1.0,0.0,True
712.6660798401304,2,0.0235,1.0,0.0,True
712.6732672347761,2,0.039,1.0,0.0,True
712.6804547381522,2,0.1107,1.0,0.0,True
716.0851324854874,2,3.0462,0.0,0.0,True
716.0923716651783,2,4.1076,0.0,0.0,True
716.0996109546454,2,3.6829,0.0,0.0,True
716.106850353891,2,3.2539,0.0,0.0,True
716.1140898629171,2,3.1363,0.0,0.0,True
716.1213294817261,2,3.1135,0.0,0.0,True
716.1285692103202,2,3.1143,0.0,0.0,True
716.1358090487015,2,3.1401,0.0,0.0,True
716.1430489968724,2,3.2803,0.0,0.0,True
716.150289054835,2,3.7325,0.0,0.0,True
716.1575292225915,2,4.1484,0.0,0.0,True
716.1647695001442,2,4.0237,0.0,0.0,True
716.1720098874953,2,2.3409,0.0,0.0,True
721.0405482511893,2,0.8103,2.1402803e-35,0.0,True
721.0478627053386,2,1.1728,1.0909304e-26,0.0,True
721.0551772707888,2,1.2604,7.362176e-18,0.0,True
721.062491947542,2,1.2843,3e-45,0.0,True
721.0698067356004,2,1.2862,0.0,0.0,True
721.0771216349664,2,1.2867,0.0,0.0,True
721.0844366456423,2,1.2866,0.0,0.0,True
721.0917517676302,2,1.2826,0.0,0.0,True
721.0990670009325,2,1.2553,0.0,0.0,True
721.1063823455513,2,1.2022,4.0958075e-22,0.0,True
721.1136978014891,2,1.0827,2.455949e-14,0.0,True
721.121013368748,2,0.8431,2.75e-43,0.0,True
747.1693768647791,2,1.7336,0.0,0.0,True
747.1770924891719,2,2.0244,0.0,0.0,True
768.7269982412499,2,0.1166,1.0,0.0,True
768.7350501854364,2,0.1049,1.0,0.0,True
768.7431022561326,2,0.0996,1.0,0.0,True
768.751154453341,2,0.0974,1.0,0.0,True
768.7592067770642,2,0.0972,1.0,0.0,True
768.767259227305,2,0.1007,1.0,0.0,True
768.775311804066,2,0.1119,1.0,0.0,True
768.7833645073498,2,0.1442,1.0,0.0,True
780.1248315630601,2,0.1166,1.0,0.0,True
780.1330632480972,2,0.1092,1.0,0.0,True
780.1412950634232,2,0.101,1.0,0.0,True
780.1495270090408,2,0.0925,1.0,0.0,True
780.1577590849528,2,0.0917,1.0,0.0,True
780.1659912911621,2,0.1072,1.0,0.0,True
784.1574289327525,2,0.3241,1.0,0.0,True
784.1657245269123,2,0.3173,1.0,0.0,True
784.1740202527114,2,0.3075,1.0,0.0,True
784.1823161101529,2,0.2949,1.0,0.0,True
784.1906120992392,2,0.2758,1.0,0.0,True
784.1989082199732,2,0.2473,1.0,0.0,True
784.2072044723578,2,0.2171,1.0,0.0,True
784.2155008563957,2,0.186,1.0,0.0,True
784.2237973720897,2,0.166,1.0,0.0,True
784.2320940194426,2,0.1475,1.0,0.0,True
784.240390798457,2,0.1378,1.0,0.0,True
784.2486877091361,2,0.1311,1.0,0.0,True
784.2569847514823,2,0.1212,1.0,0.0,True
784.2652819254985,2,0.114,1.0,0.0,True
784.2735792311876,2,0.1084,1.0,0.0,True
790.8446160477569,2,0.1949,1.0,0.0,True
790.8530179837829,2,0.169,1.0,0.0,True
790.8614200537032,2,0.1598,1.0,0.0,True
790.8698222575206,2,0.1563,1.0,0.0,True
790.8782245952377,2,0.158,1.0,0.0,True
790.8866270668576,2,0.1692,1.0,0.0,True
790.895029672383,2,0.2386,1.0,0.0,True
790.9034324118169,2,0.4497,1.0,0.0,True
790.9118352851619,2,0.6055,1.0,0.0,True
812.9578263367223,2,0.6069,1.0,0.0,True
812.9665831224094,2,0.519,1.0,0.0,True
812.9753400495831,2,0.5039,1.0,0.0,True
812.9840971182466,2,0.5059,1.0,0.0,True
812.9928543284028,2,0.5081,1.0,0.0,True
813.0016116800549,2,0.51,1.0,0.0,True
813.0103691732058,2,0.5105,1.0,0.0,True
813.0191268078587,2,0.5131,1.0,0.0,True
813.0278845840165,2,0.5282,1.0,0.0,True
813.0366425016823,2,0.6108,1.0,0.0,True
852.0928451514911,2,3.2909,0.0,0.0,True
852.1022418045337,2,3.5986,0.0,0.0,True
852.1116386130129,2,3.518,0.0,0.0,True
852.1210355769324,2,3.4943,0.0,0.0,True
852.1304326962953,2,3.4922,0.0,0.0,True
852.1398299711052,2,3.4899,0.0,0.0,True
852.1492274013656,2,3.4832,0.0,0.0,True
852.1586249870797,2,3.473,0.0,0.0,True
852.1680227282512,2,3.4532,0.0,0.0,True
852.1774206248833,2,3.4356,0.0,0.0,True
852.1868186769797,2,3.3763,0.0,0.0,True
852.1962168845434,2,1.7219,0.0,0.0,True
988.0915671214094,2,1.1632,0.0,0.0,True
988.1033009289303,2,2.5697,0.0,0.0,True
988.1150349454649,2,3.0155,0.0,0.0,True
988.1267691710184,2,3.1641,0.0,0.0,True
988.1385036055954,2,3.2122,0.0,0.0,True
988.150238249201,2,3.2225,0.0,0.0,True
988.1619731018404,2,3.222,0.0,0.0,True
988.1737081635182,2,3.2132,0.0,0.0,True
988.1854434342396,2,3.1576,0.0,0.0,True
988.1971789140094,2,3.0523,0.0,0.0,True
988.2089146028328,2,2.7451,0.0,0.0,True
988.2206505007146,2,1.3818,0.0,0.0,True
